name,lambda_cost,lambda_carbon,cost,carbon,reward,comfort
cost_only,1.0,0.0,21.82250227598827,15.177082590481055,-18.49979243323466,0.0
cost_heavy,0.8,0.2,21.819437843295354,15.189711081742098,-18.504574462518725,0.0
balanced,0.5,0.5,21.848033415084355,15.286239549209672,-18.567136482147006,0.0
carbon_heavy,0.2,0.8,21.9182348481466,15.21788820775044,-18.56806152794852,0.0
carbon_only,0.0,1.0,21.95054652197695,15.377357870405564,-18.699127248188002,0.003517505199674508
