{
  "Transformer-SAC": {
    "n_episodes": 3,
    "mean_total_cost_CNY": 4650.311971679695,
    "std_total_cost_CNY": 14.739508344871416,
    "min_total_cost_CNY": 4637.154403472911,
    "max_total_cost_CNY": 4670.892129234848,
    "mean_total_carbon_kgCO2": 4779.989835081068,
    "std_total_carbon_kgCO2": 2.906412977816555,
    "min_total_carbon_kgCO2": 4776.456407473027,
    "max_total_carbon_kgCO2": 4783.575070702522,
    "mean_total_reward": -8864.625240971669,
    "std_total_reward": 311.86644804376647,
    "min_total_reward": -9219.846644710637,
    "max_total_reward": -8460.620330105045,
    "mean_total_steps": 672.0,
    "std_total_steps": 0.0,
    "min_total_steps": 672.0,
    "max_total_steps": 672.0,
    "mean_comfort_violations": 121.33333333333333,
    "std_comfort_violations": 8.498365855987975,
    "min_comfort_violations": 113.0,
    "max_comfort_violations": 133.0,
    "mean_violation_rate": 0.18055555555555555,
    "std_violation_rate": 0.01264637776188686,
    "min_violation_rate": 0.16815476190476192,
    "max_violation_rate": 0.19791666666666666,
    "mean_avg_step_cost": 6.920107100713831,
    "std_avg_step_cost": 0.021933792179865585,
    "min_avg_step_cost": 6.900527386120403,
    "max_avg_step_cost": 6.950732335170899,
    "mean_avg_step_carbon": 7.113080111727782,
    "std_avg_step_carbon": 0.004325019312223138,
    "min_avg_step_carbon": 7.107822034930104,
    "max_avg_step_carbon": 7.118415283783509,
    "mean_std_step_cost": 3.575156200096009,
    "std_std_step_cost": 0.016839203998759524,
    "min_std_step_cost": 3.5539069742956064,
    "max_std_step_cost": 3.595091612592936,
    "mean_std_step_carbon": 1.7897446611544297,
    "std_std_step_carbon": 0.04391511755513925,
    "min_std_step_carbon": 1.7312093850931318,
    "max_std_step_carbon": 1.8369851235914785,
    "ci95_total_cost_CNY": 16.679323856843126,
    "ci95_total_carbon_kgCO2": 3.2889158976324753,
    "ci95_violation_rate": 0.014310723625994188
  },
  "MLP-SAC": {
    "n_episodes": 3,
    "mean_total_cost_CNY": 4635.077384656873,
    "std_total_cost_CNY": 18.25429646272844,
    "min_total_cost_CNY": 4612.25272254899,
    "max_total_cost_CNY": 4656.935054803898,
    "mean_total_carbon_kgCO2": 4753.433762925081,
    "std_total_carbon_kgCO2": 13.72288256628629,
    "min_total_carbon_kgCO2": 4739.422769453562,
    "max_total_carbon_kgCO2": 4772.068761169844,
    "mean_total_reward": -9342.834589768301,
    "std_total_reward": 295.5000064829913,
    "min_total_reward": -9658.630150444362,
    "max_total_reward": -8947.902521530521,
    "mean_total_steps": 672.0,
    "std_total_steps": 0.0,
    "min_total_steps": 672.0,
    "max_total_steps": 672.0,
    "mean_comfort_violations": 129.0,
    "std_comfort_violations": 1.632993161855452,
    "min_comfort_violations": 127.0,
    "max_comfort_violations": 131.0,
    "mean_violation_rate": 0.1919642857142857,
    "std_violation_rate": 0.0024300493479991873,
    "min_violation_rate": 0.18898809523809523,
    "max_violation_rate": 0.1949404761904762,
    "mean_avg_step_cost": 6.897436584310822,
    "std_avg_step_cost": 0.02716413164096716,
    "min_avg_step_cost": 6.863471313316947,
    "max_avg_step_cost": 6.929962879172471,
    "mean_avg_step_carbon": 7.073562147209948,
    "std_avg_step_carbon": 0.020420956199829955,
    "min_avg_step_carbon": 7.052712454544002,
    "max_avg_step_carbon": 7.101292799359894,
    "mean_std_step_cost": 3.5705115267716425,
    "std_std_step_cost": 0.02529333979268546,
    "min_std_step_cost": 3.5380390860656252,
    "max_std_step_cost": 3.599739475367961,
    "mean_std_step_carbon": 1.7516147238937174,
    "std_std_step_carbon": 0.027171958871057816,
    "min_std_step_carbon": 1.7173476389211935,
    "max_std_step_carbon": 1.7838080867291752,
    "ci95_total_cost_CNY": 20.656681034182057,
    "ci95_total_carbon_kgCO2": 15.528903489657903,
    "ci95_violation_rate": 0.002749859704614354
  },
  "Rule-Based": {
    "n_episodes": 3,
    "mean_total_cost_CNY": 4677.5903845808725,
    "std_total_cost_CNY": 20.879832529900206,
    "min_total_cost_CNY": 4648.11510020121,
    "max_total_cost_CNY": 4693.863219842786,
    "mean_total_carbon_kgCO2": 4784.82004327621,
    "std_total_carbon_kgCO2": 3.406163575649197,
    "min_total_carbon_kgCO2": 4781.570157491841,
    "max_total_carbon_kgCO2": 4789.524208025867,
    "mean_total_reward": -9114.659447617289,
    "std_total_reward": 144.5690584230465,
    "min_total_reward": -9290.248807714306,
    "max_total_reward": -8936.164153207414,
    "mean_total_steps": 672.0,
    "std_total_steps": 0.0,
    "min_total_steps": 672.0,
    "max_total_steps": 672.0,
    "mean_comfort_violations": 124.33333333333333,
    "std_comfort_violations": 1.699673171197595,
    "min_comfort_violations": 122.0,
    "max_comfort_violations": 126.0,
    "mean_violation_rate": 0.18501984126984128,
    "std_violation_rate": 0.002529275552377377,
    "min_violation_rate": 0.18154761904761904,
    "max_violation_rate": 0.1875,
    "mean_avg_step_cost": 6.960699977054869,
    "std_avg_step_cost": 0.031071179359972972,
    "min_avg_step_cost": 6.916837946727989,
    "max_avg_step_cost": 6.984915505718437,
    "mean_avg_step_carbon": 7.120267921541976,
    "std_avg_step_carbon": 0.005068695797101117,
    "min_avg_step_carbon": 7.115431781981897,
    "max_avg_step_carbon": 7.127268166705162,
    "mean_std_step_cost": 3.609995533622399,
    "std_std_step_cost": 0.051488877255782224,
    "min_std_step_cost": 3.5505538368221066,
    "max_std_step_cost": 3.676139866654278,
    "mean_std_step_carbon": 1.7441231216895796,
    "std_std_step_carbon": 0.038751780721990425,
    "min_std_step_carbon": 1.6946152002402979,
    "max_std_step_carbon": 1.7892308302021993,
    "ci95_total_cost_CNY": 23.627754786273492,
    "ci95_total_carbon_kgCO2": 3.8544369363177258,
    "ci95_violation_rate": 0.0028621447251988433
  },
  "Carbon-Aware-Rule": {
    "n_episodes": 3,
    "mean_total_cost_CNY": 4648.313176255851,
    "std_total_cost_CNY": 16.991985997810175,
    "min_total_cost_CNY": 4627.905021191075,
    "max_total_cost_CNY": 4669.504600481764,
    "mean_total_carbon_kgCO2": 4772.213725087357,
    "std_total_carbon_kgCO2": 12.63847084393623,
    "min_total_carbon_kgCO2": 4754.666305642735,
    "max_total_carbon_kgCO2": 4783.930642419646,
    "mean_total_reward": -8884.525709287678,
    "std_total_reward": 515.6647692803556,
    "min_total_reward": -9560.242325380419,
    "max_total_reward": -8309.137355841625,
    "mean_total_steps": 672.0,
    "std_total_steps": 0.0,
    "min_total_steps": 672.0,
    "max_total_steps": 672.0,
    "mean_comfort_violations": 120.0,
    "std_comfort_violations": 11.51810169544733,
    "min_comfort_violations": 105.0,
    "max_comfort_violations": 133.0,
    "mean_violation_rate": 0.17857142857142858,
    "std_violation_rate": 0.017140032284891856,
    "min_violation_rate": 0.15625,
    "max_violation_rate": 0.19791666666666666,
    "mean_avg_step_cost": 6.917132702761683,
    "std_avg_step_cost": 0.025285693449120638,
    "min_avg_step_cost": 6.886763424391482,
    "max_avg_step_cost": 6.948667560240717,
    "mean_avg_step_carbon": 7.101508519475229,
    "std_avg_step_carbon": 0.018807248279669057,
    "min_avg_step_carbon": 7.075396288158826,
    "max_avg_step_carbon": 7.118944408362568,
    "mean_std_step_cost": 3.578087506770775,
    "std_std_step_cost": 0.028208407057018225,
    "min_std_step_cost": 3.542262720074592,
    "max_std_step_cost": 3.611198907871723,
    "mean_std_step_carbon": 1.76445329994913,
    "std_std_step_carbon": 0.012973147244077127,
    "min_std_step_carbon": 1.74954370655205,
    "max_std_step_carbon": 1.7811672457810985,
    "ci95_total_cost_CNY": 19.228242272208032,
    "ci95_total_carbon_kgCO2": 14.301776106027965,
    "ci95_violation_rate": 0.019395772417058334
  },
  "Fixed-Setpoint": {
    "n_episodes": 3,
    "mean_total_cost_CNY": 4624.728606216021,
    "std_total_cost_CNY": 36.75990750943447,
    "min_total_cost_CNY": 4572.857643251662,