name,lambda_cost,lambda_carbon,cost,carbon,reward,comfort
cost_only,1.0,0.0,22.17627870419328,15.419394417933848,-18.798154085174666,3.175241111063079e-05
cost_heavy,0.8,0.2,21.848340732496396,15.212162265093284,-18.530251498794836,0.0
balanced,0.5,0.5,22.07037155724877,15.376271278863964,-18.723881671771757,5.602537153876509e-05
carbon_heavy,0.2,0.8,21.8368956497253,15.26159408602037,-18.549244867872833,0.0
carbon_only,0.0,1.0,21.84973209988406,15.223028225142269,-18.536380162513165,0.0
