{
  "rule_based": {
    "n_episodes": 3,
    "mean_total_cost_CNY": 4674.903640707152,
    "std_total_cost_CNY": 19.473895714203078,
    "min_total_cost_CNY": 4656.171805760126,
    "max_total_cost_CNY": 4701.753484829719,
    "mean_total_carbon_kgCO2": 4783.8247562153165,
    "std_total_carbon_kgCO2": 6.353865798308288,
    "min_total_carbon_kgCO2": 4779.283507473934,
    "max_total_carbon_kgCO2": 4792.8103050663,
    "mean_total_reward": -9354.187810973739,
    "std_total_reward": 5.9318649542382405,
    "min_total_reward": -9359.953759768818,
    "max_total_reward": -9346.027914308213,
    "mean_total_steps": 672.0,
    "std_total_steps": 0.0,
    "min_total_steps": 672.0,
    "max_total_steps": 672.0,
    "mean_comfort_violations": 127.66666666666667,
    "std_comfort_violations": 4.9216076867444665,
    "min_comfort_violations": 122.0,
    "max_comfort_violations": 134.0,
    "mean_violation_rate": 0.18998015873015872,
    "std_violation_rate": 0.00732382096241737,
    "min_violation_rate": 0.18154761904761904,
    "max_violation_rate": 0.19940476190476192,
    "mean_avg_step_cost": 6.956701846290404,
    "std_avg_step_cost": 0.02897901147946709,
    "min_avg_step_cost": 6.928827091904956,
    "max_avg_step_cost": 6.996656971472795,
    "mean_avg_step_carbon": 7.11878683960613,
    "std_avg_step_carbon": 0.009455157437962531,
    "min_avg_step_carbon": 7.112029028979066,
    "max_avg_step_carbon": 7.132158192062956,
    "mean_std_step_cost": 3.6429508785476017,
    "std_std_step_cost": 0.06676104178880025,
    "min_std_step_cost": 3.562739387107532,
    "max_std_step_cost": 3.7261859939802653,
    "mean_std_step_carbon": 1.7694920231269078,
    "std_std_step_carbon": 0.010197277869676053,
    "min_std_step_carbon": 1.7579557850578469,
    "max_std_step_carbon": 1.7827543480791816,
    "ci95_total_cost_CNY": 22.03678750822106,
    "ci95_total_carbon_kgCO2": 7.190076012934171,
    "ci95_violation_rate": 0.008287683608130654
  },
  "fixed": {
    "n_episodes": 3,
    "mean_total_cost_CNY": 4679.701073756547,
    "std_total_cost_CNY": 22.543928932699213,
    "min_total_cost_CNY": 4647.995345172262,
    "max_total_cost_CNY": 4698.4527617392,
    "mean_total_carbon_kgCO2": 4798.383163299624,
    "std_total_carbon_kgCO2": 15.374610465686022,
    "min_total_carbon_kgCO2": 4777.5092760963935,
    "max_total_carbon_kgCO2": 4814.090647217703,
    "mean_total_reward": -9282.525878359409,
    "std_total_reward": 457.93745010908214,
    "min_total_reward": -9668.978120626767,
    "max_total_reward": -8639.243026742217,
    "mean_total_steps": 672.0,
    "std_total_steps": 0.0,
    "min_total_steps": 672.0,
    "max_total_steps": 672.0,
    "mean_comfort_violations": 134.0,
    "std_comfort_violations": 9.201449161228174,
    "min_comfort_violations": 127.0,
    "max_comfort_violations": 147.0,
    "mean_violation_rate": 0.1994047619047619,
    "std_violation_rate": 0.013692632680399072,
    "min_violation_rate": 0.18898809523809523,
    "max_violation_rate": 0.21875,
    "mean_avg_step_cost": 6.963840883566289,
    "std_avg_step_cost": 0.03354751329271207,
    "min_avg_step_cost": 6.916659739839669,
    "max_avg_step_cost": 6.991745181159528,
    "mean_avg_step_carbon": 7.140451135862541,
    "std_avg_step_carbon": 0.022878884621552076,
    "min_avg_step_carbon": 7.1093888037148805,
    "max_avg_step_carbon": 7.163825367883483,
    "mean_std_step_cost": 3.619743890351355,
    "std_std_step_cost": 0.03532023124782847,
    "min_std_step_cost": 3.5728100121282034,
    "max_std_step_cost": 3.658015774896836,
    "mean_std_step_carbon": 1.7911747912993625,
    "std_std_step_carbon": 0.004279812971078571,
    "min_std_step_carbon": 1.7857655947589628,
    "max_std_step_carbon": 1.796231121525295,
    "ci95_total_cost_CNY": 25.51085713825594,
    "ci95_total_carbon_kgCO2": 17.39800956245695,
    "ci95_violation_rate": 0.01549467252132842
  },
  "carbon_aware_rule": {
    "n_episodes": 3,
    "mean_total_cost_CNY": 4667.738210628733,
    "std_total_cost_CNY": 10.544322740308662,
    "min_total_cost_CNY": 4657.386008229401,
    "max_total_cost_CNY": 4682.209366545298,
    "mean_total_carbon_kgCO2": 4795.154365499196,
    "std_total_carbon_kgCO2": 6.481115951955843,
    "min_total_carbon_kgCO2": 4788.057089934549,
    "max_total_carbon_kgCO2": 4803.725831732068,
    "mean_total_reward": -9170.245393896797,
    "std_total_reward": 192.8120953455224,
    "min_total_reward": -9439.16790930708,
    "max_total_reward": -8996.729473264535,
    "mean_total_steps": 672.0,
    "std_total_steps": 0.0,
    "min_total_steps": 672.0,
    "max_total_steps": 672.0,
    "mean_comfort_violations": 123.33333333333333,
    "std_comfort_violations": 8.806563209081938,
    "min_comfort_violations": 111.0,
    "max_comfort_violations": 131.0,
    "mean_violation_rate": 0.18353174603174602,
    "std_violation_rate": 0.01310500477541955,
    "min_violation_rate": 0.16517857142857142,
    "max_violation_rate": 0.1949404761904762,
    "mean_avg_step_cost": 6.946039003911806,
    "std_avg_step_cost": 0.015690956458797475,
    "min_avg_step_cost": 6.930633940817552,
    "max_avg_step_cost": 6.967573462120984,
    "mean_avg_step_carbon": 7.135646377230938,
    "std_avg_step_carbon": 0.009644517785645297,
    "min_avg_step_carbon": 7.125084955259746,
    "max_avg_step_carbon": 7.1484015353155685,
    "mean_std_step_cost": 3.588058105292022,
    "std_std_step_cost": 0.03728415007748774,
    "min_std_step_cost": 3.544661613036241,
    "max_std_step_cost": 3.6356932000222657,
    "mean_std_step_carbon": 1.7929114068982015,
    "std_std_step_carbon": 0.014914137148722433,
    "min_std_step_carbon": 1.775822485045485,
    "max_std_step_carbon": 1.8121621179977139,
    "ci95_total_cost_CNY": 11.932024442177417,
    "ci95_total_carbon_kgCO2": 7.334073117441331,
    "ci95_violation_rate": 0.014829708948246825
  },
  "random": {
    "n_episodes": 3,
    "mean_total_cost_CNY": 4666.123454266995,
    "std_total_cost_CNY": 14.541345488517864,
    "min_total_cost_CNY": 4653.406049831905,
    "max_total_cost_CNY": 4686.477756194821,
    "mean_total_carbon_kgCO2": 4794.123355893389,
    "std_total_carbon_kgCO2": 7.420589682735497,
    "min_total_carbon_kgCO2": 4786.444825502811,
    "max_total_carbon_kgCO2": 4804.15760737922,
    "mean_total_reward": -9261.153057385989,
    "std_total_reward": 195.73283705855215,
    "min_total_reward": -9492.682010064509,
    "max_total_reward": -9014.000707526471,
    "mean_total_steps": 672.0,
    "std_total_steps": 0.0,
    "min_total_steps": 672.0,
    "max_total_steps": 672.0,
    "mean_comfort_violations": 120.0,
    "std_comfort_violations": 7.788880963698615,
    "min_comfort_violations": 110.0,
    "max_comfort_violations": 129.0,
    "mean_violation_rate": 0.17857142857142858,
    "std_violation_rate": 0.011590596672170562,
    "min_violation_rate": 0.1636904761904762,
    "max_violation_rate": 0.19196428571428573,
    "mean_avg_step_cost": 6.943636092659216,
    "std_avg_step_cost": 0.02163890697696228,
    "min_avg_step_cost": 6.924711383678427,
    "max_avg_step_cost": 6.973925232432769,
    "mean_avg_step_carbon": 7.134112136746114,
    "std_avg_step_carbon": 0.011042544170743816,
    "min_avg_step_carbon": 7.1226857522363245,
    "max_avg_step_carbon": 7.149044058600041,
    "mean_std_step_cost": 3.572786504341931,
    "std_std_step_cost": 0.02647930012308542,
    "min_std_step_cost": 3.539436644897349,
    "max_std_step_cost": 3.604211693681687,
    "mean_std_step_carbon": 1.7768382446108246,
    "std_std_step_carbon": 0.003095317129557675,
    "min_std_step_carbon": 1.7724843582542482,
    "max_std_step_carbon": 1.7794079184784055,
    "ci95_total_cost_CNY": 16.455081475063274,
    "ci95_total_carbon_kgCO2": 8.397187723711275,
    "ci95_violation_rate": 0.013115994853142268
  }
}